SKU-1000, Robe de soirée, Robe de soirée formelle à manches en dentelle, Mesdames
SKU-1001, Robe de soirée, Robe de soirée formelle à manches en dentelle, Mesdames
SKU-1002, Robe de soirée, Robe de soirée formelle à manches en dentelle, Mesdames
SKU-1003, Robe de soirée, Robe de soirée formelle à manches en dentelle, Mesdames
SKU-1004, Robe de soirée, Robe de soirée formelle à manches en dentelle, Mesdames
SKU-1010, Robe de soirée, Robe de soirée formelle à manches en dentelle, Mesdames
SKU-1011, Robe de soirée, Robe de soirée formelle à manches en dentelle, Mesdames
SKU-1012, Robe de soirée, Robe de soirée formelle à manches en dentelle, Mesdames
SKU-1013, Robe de soirée, Robe de soirée formelle à manches en dentelle, Mesdames
SKU-1014, Robe de soirée, Robe de soirée formelle à manches en dentelle, Mesdames
SKU-1020, Robe de soirée, Robe de soirée formelle à manches en dentelle, Mesdames
SKU-1021, Robe de soirée, Robe de soirée formelle à manches en dentelle, Mesdames
SKU-1022, Robe de soirée, Robe de soirée formelle à manches en dentelle, Mesdames
SKU-1023, Robe de soirée, Robe de soirée formelle à manches en dentelle, Mesdames
SKU-1024, Robe de soirée, Robe de soirée formelle à manches en dentelle, Mesdames
SKU-1030, Sac à main, Sacs à main et sacs à main pour femmes Designer Satchel Tote Bag Sacs à bandoulière, Femme
SKU-1031, Sac à main, Sacs à main et sacs à main pour femmes Designer Satchel Tote Bag Sacs à bandoulière, Femme
SKU-1032, Sac à main, Sacs à main et sacs à main pour femmes Designer Satchel Tote Bag Sacs à bandoulière, Femme
SKU-1033, Sac à main, Sacs à main et sacs à main pour femmes Designer Satchel Tote Bag Sacs à bandoulière, Femme
SKU-1034, Sac à main, Sacs à main et sacs à main pour femmes Designer Satchel Tote Bag Sacs à bandoulière, Femme
SKU-1040, Chaussures, Mode enfant Garçons Filles Sneaker Bottes, Enfants
SKU-1041, Chaussures, Mode enfant Garçons Filles Sneaker Bottes, Enfants
SKU-1042, Chaussures, Mode enfant Garçons Filles Sneaker Bottes, Enfants
SKU-1043, Chaussures, Mode enfant Garçons Filles Sneaker Bottes, Enfants
SKU-1044, Chaussures, Mode enfant Garçons Filles Sneaker Bottes, Enfants
SKU-1050, T-Shirt, Hobby King T-Shirt, Gens
SKU-1051, T-Shirt, Hobby King T-Shirt, Gens
SKU-1052, T-Shirt, Hobby King T-Shirt, Gens
SKU-1053, T-Shirt, Hobby King T-Shirt, Gens
SKU-1054, T-Shirt, Hobby King T-Shirt, Gens
SKU-1060, Chaussures, CHAUSSURE EN TOILE POUR HOMME, Gens
SKU-1061, Chaussures, CHAUSSURE EN TOILE POUR HOMME, Gens
SKU-1062, Chaussures, CHAUSSURE EN TOILE POUR HOMME, Gens
SKU-1063, Chaussures, CHAUSSURE EN TOILE POUR HOMME, Gens
SKU-1064, Chaussures, CHAUSSURE EN TOILE POUR HOMME, Gens
SKU-1070, T-Shirt, Hobby King T-Shirt, Gens
SKU-1071, T-Shirt, Hobby King T-Shirt, Gens
SKU-1072, T-Shirt, Hobby King T-Shirt, Gens
SKU-1073, T-Shirt, Hobby King T-Shirt, Gens
SKU-1074, T-Shirt, Hobby King T-Shirt, Gens
SKU-1080, Sac à main, Sacs à main et sacs à main pour femmes Designer Satchel Tote Bag Sacs à bandoulière, Femme
SKU-1081, Sac à main, Sacs à main et sacs à main pour femmes Designer Satchel Tote Bag Sacs à bandoulière, Femme
SKU-1082, Sac à main, Sacs à main et sacs à main pour femmes Designer Satchel Tote Bag Sacs à bandoulière, Femme
SKU-1083, Sac à main, Sacs à main et sacs à main pour femmes Designer Satchel Tote Bag Sacs à bandoulière, Femme
SKU-1084, Sac à main, Sacs à main et sacs à main pour femmes Designer Satchel Tote Bag Sacs à bandoulière, Femme
SKU-1090, Sac à main, Sacs à main et sacs à main pour femmes Designer Satchel Tote Bag Sacs à bandoulière, Femme
SKU-1091, Sac à main, Sacs à main et sacs à main pour femmes Designer Satchel Tote Bag Sacs à bandoulière, Femme
SKU-1092, Sac à main, Sacs à main et sacs à main pour femmes Designer Satchel Tote Bag Sacs à bandoulière, Femme
SKU-1093, Sac à main, Sacs à main et sacs à main pour femmes Designer Satchel Tote Bag Sacs à bandoulière, Femme
SKU-1094, Sac à main, Sacs à main et sacs à main pour femmes Designer Satchel Tote Bag Sacs à bandoulière, Femme