SKU-1000, Wanita, 100, Gaun Pesta ,Gaun Malam Formal Lengan Renda
SKU-1001, Wanita, 100, Gaun Pesta ,Gaun Malam Formal Lengan Renda
SKU-1002, Wanita, 100, Gaun Pesta ,Gaun Malam Formal Lengan Renda
SKU-1003, Wanita, 100, Gaun Pesta ,Gaun Malam Formal Lengan Renda
SKU-1004, Wanita, 100, Gaun Pesta ,Gaun Malam Formal Lengan Renda
SKU-1010, Wanita, 100, Gaun Pesta ,Gaun Malam Formal Lengan Renda
SKU-1011, Wanita, 100, Gaun Pesta ,Gaun Malam Formal Lengan Renda
SKU-1012, Wanita, 100, Gaun Pesta ,Gaun Malam Formal Lengan Renda
SKU-1013, Wanita, 100, Gaun Pesta ,Gaun Malam Formal Lengan Renda
SKU-1014, Wanita, 100, Gaun Pesta ,Gaun Malam Formal Lengan Renda
SKU-1020, Wanita, 50, Gaun Pesta ,Gaun Malam Formal Lengan Renda
SKU-1021, Wanita, 50, Gaun Pesta ,Gaun Malam Formal Lengan Renda
SKU-1022, Wanita, 50, Gaun Pesta ,Gaun Malam Formal Lengan Renda
SKU-1023, Wanita, 50, Gaun Pesta ,Gaun Malam Formal Lengan Renda
SKU-1024, Wanita, 50, Gaun Pesta ,Gaun Malam Formal Lengan Renda
SKU-1030, Wanita, 125, Tas Tangan, Dompet Wanita dan Tas Wanita Desainer Satchel Tote Bag Shoulder Bags
SKU-1031, Wanita, 125, Tas Tangan, Dompet Wanita dan Tas Wanita Desainer Satchel Tote Bag Shoulder Bags
SKU-1032, Wanita, 125, Tas Tangan, Dompet Wanita dan Tas Wanita Desainer Satchel Tote Bag Shoulder Bags
SKU-1033, Wanita, 125, Tas Tangan, Dompet Wanita dan Tas Wanita Desainer Satchel Tote Bag Shoulder Bags
SKU-1034, Wanita, 125, Tas Tangan, Dompet Wanita dan Tas Wanita Desainer Satchel Tote Bag Shoulder Bags
SKU-1040, Anak-anak, 40, Sepatu, Fashion Anak Laki-Laki Perempuan Sepatu Sneaker
SKU-1041, Anak-anak, 40, Sepatu, Fashion Anak Laki-Laki Perempuan Sepatu Sneaker
SKU-1042, Anak-anak, 40, Sepatu, Fashion Anak Laki-Laki Perempuan Sepatu Sneaker
SKU-1043, Anak-anak, 40, Sepatu, Fashion Anak Laki-Laki Perempuan Sepatu Sneaker
SKU-1044, Anak-anak, 40, Sepatu, Fashion Anak Laki-Laki Perempuan Sepatu Sneaker
SKU-1050, Gens, 150, T-Shirt, Hobby King T-Shirt
SKU-1051, Gens, 150, T-Shirt, Hobby King T-Shirt
SKU-1052, Gens, 150, T-Shirt, Hobby King T-Shirt
SKU-1053, Gens, 150, T-Shirt, Hobby King T-Shirt
SKU-1054, Gens, 150, T-Shirt, Hobby King T-Shirt
SKU-1060, Gens, 55, Sepatu, SEPATU KANVAS PRIA
SKU-1061, Gens, 55, Sepatu, SEPATU KANVAS PRIA
SKU-1062, Gens, 55, Sepatu, SEPATU KANVAS PRIA
SKU-1063, Gens, 55, Sepatu, SEPATU KANVAS PRIA
SKU-1064, Gens, 55, Sepatu, SEPATU KANVAS PRIA
SKU-1070, T-Shirt, 200, Gens, Hobby King T-Shirt
SKU-1071, T-Shirt, 200, Gens, Hobby King T-Shirt
SKU-1072, T-Shirt, 200, Gens, Hobby King T-Shirt
SKU-1073, T-Shirt, 200, Gens, Hobby King T-Shirt
SKU-1074, T-Shirt, 200, Gens, Hobby King T-Shirt
SKU-1080, Wanita, 300, Tas Tang, Dompet Wanita dan Tas Wanita Desainer Satchel Tote Bag Shoulder Bags
SKU-1081, Wanita, 300, Tas Tang, Dompet Wanita dan Tas Wanita Desainer Satchel Tote Bag Shoulder Bags
SKU-1082, Wanita, 300, Tas Tang, Dompet Wanita dan Tas Wanita Desainer Satchel Tote Bag Shoulder Bags
SKU-1083, Wanita, 300, Tas Tang, Dompet Wanita dan Tas Wanita Desainer Satchel Tote Bag Shoulder Bags
SKU-1084, Wanita, 300, Tas Tang, Dompet Wanita dan Tas Wanita Desainer Satchel Tote Bag Shoulder Bags
SKU-1090, Wanita, 305, Tas Tangan, Dompet Wanita dan Tas Wanita Desainer Satchel Tote Bag Shoulder Bags
SKU-1091, Wanita, 305, Tas Tangan, Dompet Wanita dan Tas Wanita Desainer Satchel Tote Bag Shoulder Bags
SKU-1092, Wanita, 305, Tas Tangan, Dompet Wanita dan Tas Wanita Desainer Satchel Tote Bag Shoulder Bags
SKU-1093, Wanita, 305, Tas Tangan, Dompet Wanita dan Tas Wanita Desainer Satchel Tote Bag Shoulder Bags
SKU-1094, Wanita, 305, Tas Tangan, Dompet Wanita dan Tas Wanita Desainer Satchel Tote Bag Shoulder Bags