SKU-1000, Lace Sleeve Formal Evening Gown, Ladies, Party Dress
SKU-1001, Lace Sleeve Formal Evening Gown, Ladies, Party Dress
SKU-1002, Lace Sleeve Formal Evening Gown, Ladies, Party Dress
SKU-1003, Lace Sleeve Formal Evening Gown, Ladies, Party Dress
SKU-1004, Lace Sleeve Formal Evening Gown, Ladies, Party Dress
SKU-1010, Lace Sleeve Formal Evening Gown, Ladies, Party Dress
SKU-1011, Lace Sleeve Formal Evening Gown, Ladies, Party Dress
SKU-1012, Lace Sleeve Formal Evening Gown, Ladies, Party Dress
SKU-1013, Lace Sleeve Formal Evening Gown, Ladies, Party Dress
SKU-1014, Lace Sleeve Formal Evening Gown, Ladies, Party Dress
SKU-1020, Lace Sleeve Formal Evening Gown, Ladies, Party Dress
SKU-1021, Lace Sleeve Formal Evening Gown, Ladies, Party Dress
SKU-1022, Lace Sleeve Formal Evening Gown, Ladies, Party Dress
SKU-1023, Lace Sleeve Formal Evening Gown, Ladies, Party Dress
SKU-1024, Lace Sleeve Formal Evening Gown, Ladies, Party Dress
SKU-1030, Womens Purses and Handbags Ladies Designer Satchel Tote Bag Shoulder Bags, Ladies, Handbag
SKU-1031, Womens Purses and Handbags Ladies Designer Satchel Tote Bag Shoulder Bags, Ladies, Handbag
SKU-1032, Womens Purses and Handbags Ladies Designer Satchel Tote Bag Shoulder Bags, Ladies, Handbag
SKU-1033, Womens Purses and Handbags Ladies Designer Satchel Tote Bag Shoulder Bags, Ladies, Handbag
SKU-1034, Womens Purses and Handbags Ladies Designer Satchel Tote Bag Shoulder Bags, Ladies, Handbag
SKU-1040, Child Fashion Boys Girls Sneaker Boots, Children, Shoes
SKU-1041, Child Fashion Boys Girls Sneaker Boots, Children, Shoes
SKU-1042, Child Fashion Boys Girls Sneaker Boots, Children, Shoes
SKU-1043, Child Fashion Boys Girls Sneaker Boots, Children, Shoes
SKU-1044, Child Fashion Boys Girls Sneaker Boots, Children, Shoes
SKU-1050, Hobby King T-Shirt, Gens, T-Shirt
SKU-1051, Hobby King T-Shirt, Gens, T-Shirt
SKU-1052, Hobby King T-Shirt, Gens, T-Shirt
SKU-1053, Hobby King T-Shirt, Gens, T-Shirt
SKU-1054, Hobby King T-Shirt, Gens, T-Shirt
SKU-1060, MEN'S CANVAS SHOE, Gens, Shoes
SKU-1061, MEN'S CANVAS SHOE, Gens, Shoes
SKU-1062, MEN'S CANVAS SHOE, Gens, Shoes
SKU-1063, MEN'S CANVAS SHOE, Gens, Shoes
SKU-1064, MEN'S CANVAS SHOE, Gens, Shoes
SKU-1070, Hobby King T-Shirt, Gens, T-Shirt
SKU-1071, Hobby King T-Shirt, Gens, T-Shirt
SKU-1072, Hobby King T-Shirt, Gens, T-Shirt
SKU-1073, Hobby King T-Shirt, Gens, T-Shirt
SKU-1074, Hobby King T-Shirt, Gens, T-Shirt
SKU-1080, Womens Purses and Handbags Ladies Designer Satchel Tote Bag Shoulder Bags, Ladies, Handbag
SKU-1081, Womens Purses and Handbags Ladies Designer Satchel Tote Bag Shoulder Bags, Ladies, Handbag
SKU-1082, Womens Purses and Handbags Ladies Designer Satchel Tote Bag Shoulder Bags, Ladies, Handbag
SKU-1083, Womens Purses and Handbags Ladies Designer Satchel Tote Bag Shoulder Bags, Ladies, Handbag
SKU-1084, Womens Purses and Handbags Ladies Designer Satchel Tote Bag Shoulder Bags, Ladies, Handbag
SKU-1090, Womens Purses and Handbags Ladies Designer Satchel Tote Bag Shoulder Bags, Ladies, Handbag
SKU-1091, Womens Purses and Handbags Ladies Designer Satchel Tote Bag Shoulder Bags, Ladies, Handbag
SKU-1092, Womens Purses and Handbags Ladies Designer Satchel Tote Bag Shoulder Bags, Ladies, Handbag
SKU-1093, Womens Purses and Handbags Ladies Designer Satchel Tote Bag Shoulder Bags, Ladies, Handbag
SKU-1094, Womens Purses and Handbags Ladies Designer Satchel Tote Bag Shoulder Bags, Ladies, Handbag